Channel Id,Channel Url,Channel Title
UC-6rohWvTkl4mzvoDbxDGxQ,http://www.youtube.com/channel/UC-6rohWvTkl4mzvoDbxDGxQ,Here to Record
UC00yBRUpScFp4IjN1-T4mlg,http://www.youtube.com/channel/UC00yBRUpScFp4IjN1-T4mlg,JDGames
UC04QdEl71CFDogk8pzY7Geg,http://www.youtube.com/channel/UC04QdEl71CFDogk8pzY7Geg,ThirtyVirus
UC0JB7TSe49lg56u6qH8y_MQ,http://www.youtube.com/channel/UC0JB7TSe49lg56u6qH8y_MQ,Game Developers Conference
UC0jMXccxfvnwXvTpngFwbNA,http://www.youtube.com/channel/UC0jMXccxfvnwXvTpngFwbNA,Dicebreaker
UC29ju8bIPH5as8OGnQzwJyA,http://www.youtube.com/channel/UC29ju8bIPH5as8OGnQzwJyA,Traversy Media
UC2WHjPDvbE6O328n17ZGcfg,http://www.youtube.com/channel/UC2WHjPDvbE6O328n17ZGcfg,ForrestKnight
UC2Xd-TjJByJyK2w1zNwY0zQ,http://www.youtube.com/channel/UC2Xd-TjJByJyK2w1zNwY0zQ,Beyond Fireship
UC2eMwsqLsCm51P5LzuHyHgQ,http://www.youtube.com/channel/UC2eMwsqLsCm51P5LzuHyHgQ,Fat Giorno
UC3_kehZbfRz-KrjXIqeIiPw,http://www.youtube.com/channel/UC3_kehZbfRz-KrjXIqeIiPw,Leadhead
UC4Sh3cP9IAyDfsrFju0eRdg,http://www.youtube.com/channel/UC4Sh3cP9IAyDfsrFju0eRdg,Gio San Pedro
UC4fQ-aeh7WIzZVMN1vpLFrw,http://www.youtube.com/channel/UC4fQ-aeh7WIzZVMN1vpLFrw,Mickadoule
UC4nJnJ-HO5vVbGlJ14rf5yg,http://www.youtube.com/channel/UC4nJnJ-HO5vVbGlJ14rf5yg,DeSinc
UC5--wS0Ljbin1TjWQX6eafA,http://www.youtube.com/channel/UC5--wS0Ljbin1TjWQX6eafA,bigboxSWE
UC5GgpU_Fmvl_Rasoc1Q98Ww,http://www.youtube.com/channel/UC5GgpU_Fmvl_Rasoc1Q98Ww,Ludus Gang
UC5_HIscbiDZM0dMX-nCksuA,http://www.youtube.com/channel/UC5_HIscbiDZM0dMX-nCksuA,Casual Navigation
UC5nwPsX9GlwbJMH0D2HPysw,http://www.youtube.com/channel/UC5nwPsX9GlwbJMH0D2HPysw,Spotify Premium
UC5p_l5ZeB_wGjO_yDXwiqvw,http://www.youtube.com/channel/UC5p_l5ZeB_wGjO_yDXwiqvw,TommyInnit
UC6ktP3PLU5sAJxN9Rb0TALg,http://www.youtube.com/channel/UC6ktP3PLU5sAJxN9Rb0TALg,Mike Shake
UC7KvsxqmZFbgmaOKrFpLWgQ,http://www.youtube.com/channel/UC7KvsxqmZFbgmaOKrFpLWgQ,Keaton21
UC7TW9qg0H7EtBfFPDnWdRVQ,http://www.youtube.com/channel/UC7TW9qg0H7EtBfFPDnWdRVQ,PogFish
UC7yZ6keOGsvERMp2HaEbbXQ,http://www.youtube.com/channel/UC7yZ6keOGsvERMp2HaEbbXQ,devaslife
UC8X4WT5_lUXqMjeN8bGFk9w,http://www.youtube.com/channel/UC8X4WT5_lUXqMjeN8bGFk9w,Kane Pixels
UC8b6neqf87RVBAkN_BLrS6A,http://www.youtube.com/channel/UC8b6neqf87RVBAkN_BLrS6A,IvoryTV
UC913WXSlQQ9MGgTU07jawAg,http://www.youtube.com/channel/UC913WXSlQQ9MGgTU07jawAg,Pibou421
UC9C2b4aXzt08QwjTKVlPA0A,http://www.youtube.com/channel/UC9C2b4aXzt08QwjTKVlPA0A,HortyUnderscore
UC9H0HzpKf5JlazkADWnW1Jw,http://www.youtube.com/channel/UC9H0HzpKf5JlazkADWnW1Jw,bashbunni
UC9a8Z6Sp6eb2s3O79pX5Zvg,http://www.youtube.com/channel/UC9a8Z6Sp6eb2s3O79pX5Zvg,Tech Minds
UC9wzC5mFFcIdguoyveTo6Ng,http://www.youtube.com/channel/UC9wzC5mFFcIdguoyveTo6Ng,ici Amy Plant
UCAyZiT9M9Jrmw7nTxhn60JQ,http://www.youtube.com/channel/UCAyZiT9M9Jrmw7nTxhn60JQ,
UCB3u4hhh61W9sjwVXtQzRVg,http://www.youtube.com/channel/UCB3u4hhh61W9sjwVXtQzRVg,f
UCB9gfNOymNLIm5J8lf4MhtA,http://www.youtube.com/channel/UCB9gfNOymNLIm5J8lf4MhtA,Sylvain Lyve
UCBJycsmduvYEL83R_U4JriQ,http://www.youtube.com/channel/UCBJycsmduvYEL83R_U4JriQ,Marques Brownlee
UCCjlo6Ihet_T3X6bKLJzPsA,http://www.youtube.com/channel/UCCjlo6Ihet_T3X6bKLJzPsA,Game Dev Alliance
UCCoAJ5JYKYTMubpTIsWi70w,http://www.youtube.com/channel/UCCoAJ5JYKYTMubpTIsWi70w,David Hilowitz Music
UCD5kuuh1f4ro_sdHbSs1qUQ,http://www.youtube.com/channel/UCD5kuuh1f4ro_sdHbSs1qUQ,BIG UMAMI
UCDkl5M0WVaddTWE4rr2cSeA,http://www.youtube.com/channel/UCDkl5M0WVaddTWE4rr2cSeA,Lena Situations
UCDwiUz9PGcvXKnEYhnt44xA,http://www.youtube.com/channel/UCDwiUz9PGcvXKnEYhnt44xA,F4IMH Killian
UCE-NYtSZvjVhWCMC3fnzuIQ,http://www.youtube.com/channel/UCE-NYtSZvjVhWCMC3fnzuIQ,Léodiovisuel
UCECl4aNz5hvuRzW5fgCOHKQ,http://www.youtube.com/channel/UCECl4aNz5hvuRzW5fgCOHKQ,Jerobeam Fenderson
UCFAiFyGs6oDiF1Nf-rRJpZA,http://www.youtube.com/channel/UCFAiFyGs6oDiF1Nf-rRJpZA,Technoblade
UCFa9XAv-SDa9bj31RfUzt8Q,http://www.youtube.com/channel/UCFa9XAv-SDa9bj31RfUzt8Q,Yfébo Anvakenss
UCGbeh3wOEmkhs0bRzS0eALw,http://www.youtube.com/channel/UCGbeh3wOEmkhs0bRzS0eALw,Ambroise Aimé
UCGvakD8eB8Asnz8ETmQBlVw,http://www.youtube.com/channel/UCGvakD8eB8Asnz8ETmQBlVw,SignalsEverywhere
UCJPSSQAQ9_iPwpJqnd4WSIw,http://www.youtube.com/channel/UCJPSSQAQ9_iPwpJqnd4WSIw,ZachPlaysAN
UCJXa3_WNNmIpewOtCHf3B0g,http://www.youtube.com/channel/UCJXa3_WNNmIpewOtCHf3B0g,LaurieWired
UCJdxdc4MqvZRD9oFYoCl7wQ,http://www.youtube.com/channel/UCJdxdc4MqvZRD9oFYoCl7wQ,Tom Simons
UCJmlLMsfdZ6BsPmb7ocebTg,http://www.youtube.com/channel/UCJmlLMsfdZ6BsPmb7ocebTg,Frugal Radio
UCKKge_0EklXt3n9CUyxStRA,http://www.youtube.com/channel/UCKKge_0EklXt3n9CUyxStRA,Astro
UCKQ-wNdh0kO5qnpPfXa2hjQ,http://www.youtube.com/channel/UCKQ-wNdh0kO5qnpPfXa2hjQ,Ranboo
UCL5_zTFVz9zbq1raATeFXpw,http://www.youtube.com/channel/UCL5_zTFVz9zbq1raATeFXpw,David Castello-Lopes - L'INTÉGRALE 
UCLOAPb7ATQUs_nDs9ViLcMw,http://www.youtube.com/channel/UCLOAPb7ATQUs_nDs9ViLcMw,Benjamin Code
UCLOLMiAsJjfSu4E8vpDVQmg,http://www.youtube.com/channel/UCLOLMiAsJjfSu4E8vpDVQmg,Legendes Industries
UCLTR2eEcTbClMYFYj8XvE5g,http://www.youtube.com/channel/UCLTR2eEcTbClMYFYj8XvE5g,Tales from the S-Bahn
UCLbDGMTQWu1tLqMn3u51aTQ,http://www.youtube.com/channel/UCLbDGMTQWu1tLqMn3u51aTQ,iTransports
UCMQSwUNSnMOP4IRysfeg8EA,http://www.youtube.com/channel/UCMQSwUNSnMOP4IRysfeg8EA,Simon Puech
UCMmA0XxraDP7ZVbv4eY3Omg,http://www.youtube.com/channel/UCMmA0XxraDP7ZVbv4eY3Omg,DSLR Video Shooter
UCMwLVepB4YOgpyo48iyg7HA,http://www.youtube.com/channel/UCMwLVepB4YOgpyo48iyg7HA,Vercidium
UCNiauGTV7XhkOpUAIXod4xA,http://www.youtube.com/channel/UCNiauGTV7XhkOpUAIXod4xA,Léo Duff
UCOojfmX4Wq3Ww-XP_IkvviQ,http://www.youtube.com/channel/UCOojfmX4Wq3Ww-XP_IkvviQ,True Cuckoo
UCQ7v4LecseCxwHlFxYDmAnw,http://www.youtube.com/channel/UCQ7v4LecseCxwHlFxYDmAnw,
UCQVaKQcp4OxSg1eC6SF3NTw,http://www.youtube.com/channel/UCQVaKQcp4OxSg1eC6SF3NTw,Feldup
UCR-DXc1voovS8nhAvccRZhg,http://www.youtube.com/channel/UCR-DXc1voovS8nhAvccRZhg,Jeff Geerling
UCR1D15p_vdP3HkrH8wgjQRw,http://www.youtube.com/channel/UCR1D15p_vdP3HkrH8wgjQRw,Internet Historian
UCS2bqg2fUHLqPMNhH58gaQw,http://www.youtube.com/channel/UCS2bqg2fUHLqPMNhH58gaQw,Nattie Forsyth
UCS4VF82zPujSxWImAwjxJOw,http://www.youtube.com/channel/UCS4VF82zPujSxWImAwjxJOw,Middle Things
UCSFAYalJ2Q7Tm_WmLgetmeg,http://www.youtube.com/channel/UCSFAYalJ2Q7Tm_WmLgetmeg,Filmmaker IQ
UCSWMraguMlNanVQgseTTr_Q,http://www.youtube.com/channel/UCSWMraguMlNanVQgseTTr_Q,f4mi
UCSpYisByt7OyIcwM3TSBH-g,http://www.youtube.com/channel/UCSpYisByt7OyIcwM3TSBH-g,Budget Church Livestreaming
UCTt8fwn4ZpHpoVd20xhlFqA,http://www.youtube.com/channel/UCTt8fwn4ZpHpoVd20xhlFqA,samplik prost
UCUIGt6CyzmMMLkLiUlVz91A,http://www.youtube.com/channel/UCUIGt6CyzmMMLkLiUlVz91A,VZION
UCUMwY9iS8oMyWDYIe6_RmoA,http://www.youtube.com/channel/UCUMwY9iS8oMyWDYIe6_RmoA,No Boilerplate
UCUyeluBRhGPCW4rPe_UvBZQ,http://www.youtube.com/channel/UCUyeluBRhGPCW4rPe_UvBZQ,ThePrimeTime
UCVRJ6D343dX-x730MRP8tNw,http://www.youtube.com/channel/UCVRJ6D343dX-x730MRP8tNw,cocadmin
UCVhZyGllAVd-Wl6kNufV0uA,http://www.youtube.com/channel/UCVhZyGllAVd-Wl6kNufV0uA,JackManifoldTV
UCVsNsyF-zvserjtcqvJe9lQ,http://www.youtube.com/channel/UCVsNsyF-zvserjtcqvJe9lQ,Djokaire
UCWQaM7SpSECp9FELz-cHzuQ,http://www.youtube.com/channel/UCWQaM7SpSECp9FELz-cHzuQ,Dreams of Code
UCWXe_JLOwA8_1tci7agBo4A,http://www.youtube.com/channel/UCWXe_JLOwA8_1tci7agBo4A,DESERT WILD
UCXitin0gdvwgHmmkwpixKxw,http://www.youtube.com/channel/UCXitin0gdvwgHmmkwpixKxw,Détective Renan
UCXuqSBlHAE6Xw-yeJA0Tunw,http://www.youtube.com/channel/UCXuqSBlHAE6Xw-yeJA0Tunw,Linus Tech Tips
UCYCDD1PuvaGdcHwcPea46Uw,http://www.youtube.com/channel/UCYCDD1PuvaGdcHwcPea46Uw,Broadcast Buddy TV
UCYO1XTnLBwn6G0c485j1cRg,http://www.youtube.com/channel/UCYO1XTnLBwn6G0c485j1cRg,Giga Chad
UCYnvxJ-PKiGXo_tYXpWAC-w,http://www.youtube.com/channel/UCYnvxJ-PKiGXo_tYXpWAC-w,Micode
UCZB6V9fUov0Mx_us3MWWILg,http://www.youtube.com/channel/UCZB6V9fUov0Mx_us3MWWILg,People Make Games
UCZR_3N8Gntr4mh-PEn7RbQw,http://www.youtube.com/channel/UCZR_3N8Gntr4mh-PEn7RbQw,Live Production Mastery
UCZXW8E1__d5tZb-wLFOt8TQ,http://www.youtube.com/channel/UCZXW8E1__d5tZb-wLFOt8TQ,Bog
UCZ_oIYI9ZNpOfWbpZxWNuRQ,http://www.youtube.com/channel/UCZ_oIYI9ZNpOfWbpZxWNuRQ,ZeratoR
UC_HTDBvNs67y2z5zr-7Lq6A,http://www.youtube.com/channel/UC_HTDBvNs67y2z5zr-7Lq6A,pélerine
UC_UGJqCjh1TwuuDHD6QFacw,http://www.youtube.com/channel/UC_UGJqCjh1TwuuDHD6QFacw,Missing Reels
UC_cV5Ev6OXe45J6dF4UPgfQ,http://www.youtube.com/channel/UC_cV5Ev6OXe45J6dF4UPgfQ,Linehead
UCaIuVLkmYL0GpEBSdbDxzRA,http://www.youtube.com/channel/UCaIuVLkmYL0GpEBSdbDxzRA,HsFearless
UCaoqVlqPTH78_xjTjTOMcmQ,http://www.youtube.com/channel/UCaoqVlqPTH78_xjTjTOMcmQ,Miziziziz
UCbDmEdLs-SB3FjrDFQJ4TDg,http://www.youtube.com/channel/UCbDmEdLs-SB3FjrDFQJ4TDg,Reysu
UCbRP3c757lWg9M-U7TyEkXA,http://www.youtube.com/channel/UCbRP3c757lWg9M-U7TyEkXA,Theo - t3․gg
UCca0H6GfMn1HqKxZLy0Q8vg,http://www.youtube.com/channel/UCca0H6GfMn1HqKxZLy0Q8vg,Tesla US Live
UCdcemy56JtVTrsFIOoqvV8g,http://www.youtube.com/channel/UCdcemy56JtVTrsFIOoqvV8g,ANDREW HUANG
UCeovElJP0n0i8ADaPsRSd8g,http://www.youtube.com/channel/UCeovElJP0n0i8ADaPsRSd8g,HAINBACH
UCerN38LEzXKuUoNjbMfpaxw,http://www.youtube.com/channel/UCerN38LEzXKuUoNjbMfpaxw,ATC FOR YOU
UCf-7ulxWHC6SDcaoJzIzN9Q,http://www.youtube.com/channel/UCf-7ulxWHC6SDcaoJzIzN9Q,Urban Traveler
UCf4iKXL_SJQ5d0qsKkboRRQ,http://www.youtube.com/channel/UCf4iKXL_SJQ5d0qsKkboRRQ,RMTransit
UCfCNU6LWB66VR48V58d2KOg,http://www.youtube.com/channel/UCfCNU6LWB66VR48V58d2KOg,Green Dot Aviation
UCgJERWtcvu-JiPq5wBkYF1g,http://www.youtube.com/channel/UCgJERWtcvu-JiPq5wBkYF1g,DevTheory
UChFur_NwVSbUozOcF_F2kMg,http://www.youtube.com/channel/UChFur_NwVSbUozOcF_F2kMg,Mumbo Jumbo
UChInPG6UUKs45roXmELCRQA,http://www.youtube.com/channel/UChInPG6UUKs45roXmELCRQA,Superconeri
UChnxLLvzviaR5NeKOevB8iQ,http://www.youtube.com/channel/UChnxLLvzviaR5NeKOevB8iQ,Red Means Recording
UCjFXxPECBuCPUJP9i1usJlA,http://www.youtube.com/channel/UCjFXxPECBuCPUJP9i1usJlA,iris olympia
UCjfK55QcT-VTlCitw3P0nxg,http://www.youtube.com/channel/UCjfK55QcT-VTlCitw3P0nxg,YOBI
UCl7fkypPtCHLZR3rgJFcajA,http://www.youtube.com/channel/UCl7fkypPtCHLZR3rgJFcajA,Transit Explained
UClb90NQQcskPUGDIXsQEz5Q,http://www.youtube.com/channel/UClb90NQQcskPUGDIXsQEz5Q,developedbyed
UClk6JpbRlB1q_-VfeClDHyQ,http://www.youtube.com/channel/UClk6JpbRlB1q_-VfeClDHyQ,eosis
UCmEzz-dPBVrsy4ZluSsYHDg,http://www.youtube.com/channel/UCmEzz-dPBVrsy4ZluSsYHDg,Hyperplexed
UCmOfhbZoIl27G7vvifvnw3w,http://www.youtube.com/channel/UCmOfhbZoIl27G7vvifvnw3w,Kevin Loughin
UCm_mbAYVpEwpq-n-8vByn8g,http://www.youtube.com/channel/UCm_mbAYVpEwpq-n-8vByn8g,MicroStrategy US
UCn0VbHe_Chjws3qjUF4JJMw,http://www.youtube.com/channel/UCn0VbHe_Chjws3qjUF4JJMw,Kombo
UCnNxpJqr1NFv-rtvrYznnPg,http://www.youtube.com/channel/UCnNxpJqr1NFv-rtvrYznnPg,stickfab
UCnnIP34CpT7nIBZS5KuuhbA,http://www.youtube.com/channel/UCnnIP34CpT7nIBZS5KuuhbA,Basti Ui
UCnrVURWNd7VYjlQQ0UDpOQQ,http://www.youtube.com/channel/UCnrVURWNd7VYjlQQ0UDpOQQ,Tokyo Lens
UCnsHD1yiKw-ERgDldZt_X2Q,http://www.youtube.com/channel/UCnsHD1yiKw-ERgDldZt_X2Q,Doug Johnson Productions
UCnxEvD2eagj2VgtkFL5wDHA,http://www.youtube.com/channel/UCnxEvD2eagj2VgtkFL5wDHA,V2F
UCoTf_WGRDmnGjxMLolYWXzw,http://www.youtube.com/channel/UCoTf_WGRDmnGjxMLolYWXzw,tachophobicat
UCo_jX41l6nYfnrQuk0qsZFw,http://www.youtube.com/channel/UCo_jX41l6nYfnrQuk0qsZFw,Ham Radio DX
UCommjyq1P7hQPKQcMJ0sdrw,http://www.youtube.com/channel/UCommjyq1P7hQPKQcMJ0sdrw,Harkiadel
UCpFFItkfZz1qz5PpHpqzYBw,http://www.youtube.com/channel/UCpFFItkfZz1qz5PpHpqzYBw,Nexpo
UCpXwMqnXfJzazKS5fJ8nrVw,http://www.youtube.com/channel/UCpXwMqnXfJzazKS5fJ8nrVw,shiey
UCqVEHtQoXHmUCfJ-9smpTSg,http://www.youtube.com/channel/UCqVEHtQoXHmUCfJ-9smpTSg,Answer in Progress
UCrIM5tV0JUY5bVxKjwjd8Kw,http://www.youtube.com/channel/UCrIM5tV0JUY5bVxKjwjd8Kw,Churchfront
UCrqM0Ym_NbK1fqeQG2VIohg,http://www.youtube.com/channel/UCrqM0Ym_NbK1fqeQG2VIohg,Tsoding Daily
UCsBjURrPoezykLs9EqgamOA,http://www.youtube.com/channel/UCsBjURrPoezykLs9EqgamOA,Fireship
UCsbWUCVaTK7MdRMQuDZcrtw,http://www.youtube.com/channel/UCsbWUCVaTK7MdRMQuDZcrtw,Le Ferrovipathe
UCseGV3amBLISlIOMQodPfVQ,http://www.youtube.com/channel/UCseGV3amBLISlIOMQodPfVQ,Sylvqin
UCshObcm-nLhbu8MY50EZ5Ng,http://www.youtube.com/channel/UCshObcm-nLhbu8MY50EZ5Ng,Benn Jordan
UCsuZK1bBTk3oabTawGmMKVQ,http://www.youtube.com/channel/UCsuZK1bBTk3oabTawGmMKVQ,Heart of Lilac
UCt59myoWWZ6ObbA2LCJNsfQ,http://www.youtube.com/channel/UCt59myoWWZ6ObbA2LCJNsfQ,Adam
UCtENVZYpoCT9f5u_4YXMyqQ,http://www.youtube.com/channel/UCtENVZYpoCT9f5u_4YXMyqQ,robthebloke
UCtHaxi4GTYDpJgMSGy7AeSw,http://www.youtube.com/channel/UCtHaxi4GTYDpJgMSGy7AeSw,Michael Reeves
UCtI6_1vGanPlH5lgVIDjJGQ,http://www.youtube.com/channel/UCtI6_1vGanPlH5lgVIDjJGQ,MrAntoineDaniel
UCtLcv1_KYwXFCJ450dPVP_g,http://www.youtube.com/channel/UCtLcv1_KYwXFCJ450dPVP_g,cuptoast
UCtYKe7-XbaDjpUwcU5x0bLg,http://www.youtube.com/channel/UCtYKe7-XbaDjpUwcU5x0bLg,neo
UCto7D1L-MiRoOziCXK9uT5Q,http://www.youtube.com/channel/UCto7D1L-MiRoOziCXK9uT5Q,Let's Game It Out
UCuCkxoKLYO_EQ2GeFtbM_bw,http://www.youtube.com/channel/UCuCkxoKLYO_EQ2GeFtbM_bw,Half as Interesting
UCuWKHSHTHMV_nVSeNH4gYAg,http://www.youtube.com/channel/UCuWKHSHTHMV_nVSeNH4gYAg,Omri Cohen
UCvQ4U1kyoOgbOL_-QuC8maw,http://www.youtube.com/channel/UCvQ4U1kyoOgbOL_-QuC8maw,Sound Codex
UCvjgXvBlbQiydffZU7m1_aw,http://www.youtube.com/channel/UCvjgXvBlbQiydffZU7m1_aw,The Coding Train
UCxFFlmYiQCSelNxdsEKI-ug,http://www.youtube.com/channel/UCxFFlmYiQCSelNxdsEKI-ug,Saril Draw
UCxGJOlp9gGQHaS_IjNMOpDQ,http://www.youtube.com/channel/UCxGJOlp9gGQHaS_IjNMOpDQ,The New Awesome
UCxH16958KSxT4Z9yL_9JYtw,http://www.youtube.com/channel/UCxH16958KSxT4Z9yL_9JYtw,EGO
UCy0I5Hcl2k7dN4UdZTedfeQ,http://www.youtube.com/channel/UCy0I5Hcl2k7dN4UdZTedfeQ,Hit the Road
UCyRhIGDUKdIOw07Pd8pHxCw,http://www.youtube.com/channel/UCyRhIGDUKdIOw07Pd8pHxCw,Shut Up & Sit Down
UCzb-NWBPkkQzQrNB2AtDUoQ,http://www.youtube.com/channel/UCzb-NWBPkkQzQrNB2AtDUoQ,pixelcadet
UCziZvuUPRxEnwRb2khwKh8g,http://www.youtube.com/channel/UCziZvuUPRxEnwRb2khwKh8g,Out Of Phase
UCznj32AM2r98hZfTxrRo9bQ,http://www.youtube.com/channel/UCznj32AM2r98hZfTxrRo9bQ,Clear Code